{
  "name": "ForestryForMinecraft",
  "tex": {
    "blocks": {
      "bronze": "forestry/textures/blocks/storage/bronze",
      "copper": "forestry/textures/blocks/storage/copper",
      "tin": "forestry/textures/blocks/storage/tin"
    },
    "ores": {
      "copper": "forestry/textures/blocks/ores/copper",
      "tin": "forestry/textures/blocks/ores/tin"
    },
    "ingots": {
      "bronze": "forestry/textures/items/ingotBronze",
      "copper": "forestry/textures/items/ingotCopper",
      "tin": "forestry/textures/items/ingotTin"
    },
    "gears": {
      "bronze": "forestry/textures/items/gearBronze",
      "copper": "forestry/textures/items/gearCopper",
      "tin": "forestry/textures/items/gearTin"
    }
  }
}