{
  "name": "InductrialCraft2",
  "tex": {
    "blocks": {
      "bronze": "ic2/textures/blocks/blockMetalBronze",
      "copper": "ic2/textures/blocks/blockMetalCopper",
      "lead": "ic2/textures/blocks/blockMetalLead",
      "steel": "ic2/textures/blocks/blockMetalAdvIron",
      "tin": "ic2/textures/blocks/blockMetalTin",
      "uranium": "ic2/textures/blocks/blockMetalUranium"
    },
    "ores": {
      "copper": "ic2/textures/blocks/blockOreCopper",
      "lead": "ic2/textures/blocks/blockOreLead",
      "tin": "ic2/textures/blocks/blockOreTin",
      "uran": "ic2/textures/blocks/blockOreUran"
    },
    "dusts": {
      "bronze": "ic2/textures/items/resources/itemDustBronze",
      "coal": "ic2/textures/items/resources/itemDustCoal",
      "copper": "ic2/textures/items/resources/itemDustCopper",
      "diamond": "ic2/textures/items/resources/itemDustdiamond",
      "gold": "ic2/textures/items/resources/itemDustGold",
      "iron": "ic2/textures/items/resources/itemDustIron",
      "lapis": "ic2/textures/items/resources/itemDustLapi",
      "lead": "ic2/textures/items/resources/itemDustLead",
      "lithium": "ic2/textures/items/resources/itemDustLithium",
      "obsidian": "ic2/textures/items/resources/itemDustObsidian",
      "silver": "ic2/textures/items/resources/itemDustSilver",
      "sulfur": "ic2/textures/items/resources/itemDustSulfur",
      "tin": "ic2/textures/items/resources/itemDustTin"
    },
    "ingots": {
      "bronze": "ic2/textures/items/resources/itemIngotBronze",
      "copper": "ic2/textures/items/resources/itemIngotCopper",
      "lead": "ic2/textures/items/resources/itemIngotLead",
      "silver": "ic2/textures/items/resources/itemIngotSilver",
      "steel": "ic2/textures/items/resources/itemIngotAdvIron",
      "tin": "ic2/textures/items/resources/itemIngotTin"
    }
  }
}