{
  "name": "ThermalFoundation",
  "tex": {
    "blocks": {
      "bronze": "thermalfoundation/textures/blocks/storage/Block_Bronze",
      "copper": "thermalfoundation/textures/blocks/storage/Block_Copper",
      "lead": "thermalfoundation/textures/blocks/storage/Block_Lead",
      "silver": "thermalfoundation/textures/blocks/storage/Block_Silver",
      "tin": "thermalfoundation/textures/blocks/storage/Block_Tin"
    },
    "ores": {
      "copper": "thermalfoundation/textures/blocks/ore/Ore_Copper",
      "lead": "thermalfoundation/textures/blocks/ore/Ore_Lead",
      "nickel": "thermalfoundation/textures/blocks/ore/Ore_Nickel",
      "silver": "thermalfoundation/textures/blocks/ore/Ore_Silver",
      "tin": "thermalfoundation/textures/blocks/ore/Ore_Tin"
    },
    "ingots": {
      "bronze": "thermalfoundation/textures/items/material/IngotBronze",
      "copper": "thermalfoundation/textures/items/material/IngotCopper",
      "lead": "thermalfoundation/textures/items/material/IngotLead",
      "nickel": "thermalfoundation/textures/items/material/IngotNickel",
      "silver": "thermalfoundation/textures/items/material/IngotSilver",
      "tin": "thermalfoundation/textures/items/material/IngotTin"
    },
    "dusts": {
      "bronze": "thermalfoundation/textures/items/material/DustBronze",
      "coal": "thermalfoundation/textures/items/material/DustCoal",
      "copper": "thermalfoundation/textures/items/material/DustCopper",
      "gold": "thermalfoundation/textures/items/material/DustGold",
      "iron": "thermalfoundation/textures/items/material/DustIron",
      "lead": "thermalfoundation/textures/items/material/DustLead",
      "nickel": "thermalfoundation/textures/items/material/DustNickel",
      "obsidian": "thermalfoundation/textures/items/material/DustObsidian",
      "silver": "thermalfoundation/textures/items/material/DustSilver",
      "sulfur": "thermalfoundation/textures/items/material/DustSulfur",
      "tin": "thermalfoundation/textures/items/material/DustTin"
    },
    "gears": {
      "bronze": "thermalfoundation/textures/items/material/GearBronze",
      "copper": "thermalfoundation/textures/items/material/GearCopper",
      "gold": "thermalfoundation/textures/items/material/GearGold",
      "iron": "thermalfoundation/textures/items/material/GearIron",
      "lead": "thermalfoundation/textures/items/material/GearLead",
      "silver": "thermalfoundation/textures/items/material/GearSilver",
      "tin": "thermalfoundation/textures/items/material/GearTin"
    },
    "nuggets": {
      "bronze": "thermalfoundation/textures/items/material/NuggetBronze",
      "copper": "thermalfoundation/textures/items/material/NuggetCopper",
      "iron": "thermalfoundation/textures/items/material/NuggetIron",
      "lead": "thermalfoundation/textures/items/material/NuggetLead",
      "silver": "thermalfoundation/textures/items/material/NuggetSilver",
      "tin": "thermalfoundation/textures/items/material/NuggetTin"
    }
  }
}