{
  "name": "TinkersConstruct",
  "tex": {
    "blocks": {
      "aluminum": "tinker/textures/blocks/compressed_aluminum",
      "bronze": "tinker/textures/blocks/compressed_bronze",
      "copper": "tinker/textures/blocks/compressed_copper",
      "steel": "tinker/textures/blocks/compressed_steel",
      "tin": "tinker/textures/blocks/compressed_tin"
    },
    "ores": {
      "aluminum": "tinker/textures/blocks/ore_aluminum",
      "copper": "tinker/textures/blocks/ore_copper",
      "tin": "tinker/textures/blocks/ore_tin"
    },
    "ingots": {
      "aluminum": "tinker/textures/items/materials/material_aluminumingot",
      "bronze": "tinker/textures/items/materials/material_bronzeingot",
      "copper": "tinker/textures/items/materials/material_copperingot",
      "steel": "tinker/textures/items/materials/material_steelingot",
      "tin": "tinker/textures/items/materials/material_tiningot"
    },
    "dusts": {
      "aluminum": "tinker/textures/items/materials/material_aluminum_dust"
    },
    "nuggets": {
      "aluminum": "tinker/textures/items/materials/material_nugget_aluminum",
      "bronze": "tinker/textures/items/materials/material_nugget_bronze",
      "copper": "tinker/textures/items/materials/material_nugget_copper",
      "iron": "tinker/textures/items/materials/material_nugget_iron",
      "silver": "tinker/textures/items/materials/material_nugget_silver",
      "steel": "tinker/textures/items/materials/material_nugget_steel",
      "tin": "tinker/textures/items/materials/material_nugget_tin"
    }
  }
}